NY03_05-10RBDA(147818) | (147672)	Count	Abundance
1450A(E484K)	44780	0.303
1430A(S477N)	38426	0.260
1250C(K417T) 1317A(N439K) 1323C(L441L) 1332T(K444N) 1345CGr(Y449R) 1355G(L452R) 1380G(N460K) 1430A(S477N) 1450-1452Del 1456G(F486V) 1480A(S494T) 1487T(G496V) 1492TrC(Q498Y) 1502C(N501T) 1511A(G504D) 1513C(Y505H) 1557A(H519Q) 1569G(T523T)	36438	0.247
1250C(K417T) 1273G(L425V) 1302G(I434M) 1317A(N439K) 1323C(L441L) 1332T(K444N) 1345CGr(Y449R) 1355G(L452R) 1380G(N460K) 1450-1452Del 1456G(F486V) 1479C(Q493H) 1487T(G496V) 1492TrC(Q498Y) 1502C(N501T) 1510A(G504S) 1513C(Y505H) 1557A(H519Q)	15221	0.103
1218T(E406D) 1250C(K417T) 1273G(L425V) 1302G(I434M) 1317A(N439K) 1323C(L441L) 1332T(K444N) 1345CGr(Y449R) 1355G(L452R) 1380G(N460K) 1450-1452Del 1456G(F486V) 1479C(Q493H) 1487T(G496V) 1492TrC(Q498Y) 1502C(N501T) 1510A(G504S) 1513C(Y505H) 1557A(H519Q)	2866	0.019
1250C(K417T) 1273G(L425V) 1302G(I434M) 1317A(N439K) 1323C(L441L) 1332T(K444N) 1345CGr(Y449R) 1355G(L452R) 1380G(N460K) 1430A(S477N) 1450-1452Del 1456G(F486V) 1480A(S494T) 1487T(G496V) 1492TrC(Q498Y) 1502C(N501T) 1511A(G504D) 1513C(Y505H) 1557A(H519Q) 1569G(T523T)	2676	0.018
1250C(K417T) 1317A(N439K) 1323C(L441L) 1332T(K444N) 1345CGr(Y449R) 1355G(L452R) 1380G(N460K) 1430A(S477N)	2040	0.014
1250C(K417T) 1430A(S477N)	1936	0.013
1450A(E484K) 1709A(A570D)	938	0.006
1250C(K417T) 1273G(L425V) 1302G(I434M) 1317A(N439K) 1323C(L441L) 1332T(K444N) 1345CGr(Y449R) 1355G(L452R) 1380G(N460K) 1450-1452Del 1456G(F486V) 1479C(Q493H) 1487T(G496V) 1492TrC(Q498Y) 1502C(N501T) 1510A(G504S) 1513C(Y505H) 1557C(H519H)	933	0.006
1250C(K417T) 1317A(N439K) 1323C(L441L) 1332T(K444N) 1345CGr(Y449R) 1430A(S477N)	620	0.004
Reference	570	0.004
