WWTP3_01-31_QC18(18937) | (18821)	Count	Abundance
Reference	7799	0.414
1450A(E484K)	4984	0.265
1355G(L452R)	1594	0.085
1501T(N501Y)	1038	0.055
1480C(S494P) 1501T(N501Y)	808	0.043
1433A(T478K)	547	0.029
1430A(S477N)	508	0.027
1317G(N439K)	286	0.015
1317A(N439K) 1323C(L441L) 1332T(K444N) 1345CGr(Y449R) 1355G(L452R) 1380G(N460K) 1450-1452Del 1456G(F486V) 1487T(G496V) 1492TrC(Q498Y) 1502C(N501T) 1513C(Y505H)	268	0.014
1442G(N481S)	261	0.014
1450A(E484K) 1498G(T500A)	252	0.013
1365T(L455F) 1450A(E484K)	232	0.012
1409AA(T470K)	129	0.007
1502C(N501T) 1519-1519Del	115	0.006
