NY05_04-19RBDB(114858) | (116072)	Count	Abundance
1450A(E484K)	67325	0.580
1501T(N501Y) 1709A(A570D)	16002	0.138
1450A(E484K) 1683C(P561P)	14659	0.126
1430A(S477N)	9196	0.079
1450A(E484K) 1587A(K529K)	2806	0.024
1432T(T478S) 1450A(E484K) 1683C(P561P)	2773	0.024
Reference	982	0.008
1709A(A570D)	459	0.004
1216-1216Del 1450A(E484K)	267	0.002
1450A(E484K) 1644A(G548G)	247	0.002
1217-1217Del 1450A(E484K)	237	0.002
1450A(E484K) 1735A(P579T)	232	0.002
1450A(E484K) 1524A(Y508*)	178	0.002
1450A(E484K) 1550G(L517R)	163	0.001
1212G(G404G) 1213T(D405Y) 1450A(E484K)	162	0.001
1450A(E484K) 1754-1754Del	138	0.001
1450A(E484K) 1559A(A520E)	123	0.001
1450A(E484K) 1551G(L517L)	123	0.001
