QC90(20507) | (19030)	Count	Abundance
1430A(S477N)	4921	0.259
1450A(E484K)	4027	0.212
Reference	3753	0.197
1318GrG(N440E) 1451C(E484A) 1469A(F490Y) 1494C(Q498H) 1516G(Q506E)	1125	0.059
1281A(D427E) 1284A(D428E) 1355G(L452R)	962	0.051
1480C(S494P) 1501T(N501Y)	797	0.042
1355G(L452R)	717	0.038
1480C(S494P)	336	0.018
1331C(K444T) 1451C(E484A) 1469A(F490Y)	311	0.016
1320G(N440K) 1450C(E484Q)	304	0.016
1433A(T478K)	234	0.012
1450A(E484K) 1453A(G485S)	194	0.010
1348G(N450D)	186	0.010
1389C(P463P) 1430A(S477N)	181	0.010
1320G(N440K) 1322-1322Del	167	0.009
1303T(A435S) 1450A(E484K)	158	0.008
1445T(G482V)	156	0.008
1408G(T470A)	132	0.007
1480C(S494P) 1486A(G496S) 1501T(N501Y)	129	0.007
1451C(E484A) 1469A(F490Y) 1494C(Q498H)	105	0.006
1320G(N440K) 1451C(E484A) 1469A(F490Y)	84	0.004
1318GrG(N440E) 1451C(E484A) 1469A(F490Y) 1494C(Q498H)	51	0.003
