NY10RBDA_H09(147771) | (152300)	Count	Abundance
1477A(Q493K) 1492TrC(Q498Y) 1555A(H519N) 1715A(T572N)	51083	0.335
1477A(Q493K) 1480C(S494P) 1492TrC(Q498Y) 1555A(H519N) 1715A(T572N)	48815	0.321
1320A(N440K)	25727	0.169
1451C(E484A) 1456CCr(F486P) 1480C(S494P) 1492TrC(Q498Y) 1555A(H519N) 1715A(T572N)	7052	0.046
1501T(N501Y) 1709A(A570D)	5405	0.035
Reference	4356	0.029
1247A(G416E) 1451C(E484A) 1456CCr(F486P) 1480C(S494P) 1492TrC(Q498Y) 1555A(H519N) 1715A(T572N)	3382	0.022
1715A(T572N)	2657	0.017
1451C(E484A) 1456CCr(F486P) 1480C(S494P) 1492TrC(Q498Y) 1555A(H519N) 1679G(L560R) 1715A(T572N)	2652	0.017
1477A(Q493K) 1480C(S494P) 1492TrC(Q498Y) 1524A(Y508*) 1555A(H519N) 1715A(T572N)	305	0.002
1477A(Q493K) 1492TrC(Q498Y) 1555A(H519N) 1679C(L560P) 1715A(T572N)	293	0.002
1451C(E484A) 1456C(F486L) 1480C(S494P) 1492TrC(Q498Y) 1555A(H519N) 1715A(T572N)	218	0.001
1501T(N501Y)	195	0.001
1492TrC(Q498Y) 1555A(H519N) 1715A(T572N)	160	0.001
