NY10RBDB_H11(112039) | (112039)	Count	Abundance
1480C(S494P) 1492TrC(Q498Y) 1555A(H519N) 1715A(T572N)	49883	0.445
1469A(F490Y) 1477A(Q493K) 1492TrC(Q498Y) 1715A(T572N)	27178	0.243
1477A(Q493K) 1492TrC(Q498Y) 1555A(H519N) 1715A(T572N)	18304	0.163
1451C(E484A) 1456CCr(F486P) 1480C(S494P) 1492TrC(Q498Y) 1555A(H519N) 1596C(N532N) 1715A(T572N)	10219	0.091
1247A(G416E) 1451C(E484A) 1456CCr(F486P) 1480C(S494P) 1492TrC(Q498Y) 1555A(H519N) 1596C(N532N) 1715A(T572N)	2748	0.025
1451C(E484A) 1456CCr(F486P) 1480C(S494P) 1492TrC(Q498Y) 1555A(H519N) 1596C(N532N) 1679G(L560R) 1715A(T572N)	2457	0.022
1477A(Q493K) 1480C(S494P) 1492TrC(Q498Y) 1524A(Y508*) 1555A(H519N) 1715A(T572N)	255	0.002
1451C(E484A) 1456C(F486L) 1480C(S494P) 1492TrC(Q498Y) 1555A(H519N) 1715A(T572N)	247	0.002
1217-1217Del 1477A(Q493K) 1480C(S494P) 1492TrC(Q498Y) 1555A(H519N) 1715A(T572N)	229	0.002
1477A(Q493K) 1492T(Q498*) 1555A(H519N) 1715A(T572N)	221	0.002
1477A(Q493K) 1492TrC(Q498Y) 1555A(H519N) 1679C(L560P) 1715A(T572N)	215	0.002
