NY10_6-7RBD_H09(124408) | (123635)	Count	Abundance
1477A(Q493K) 1492TrC(Q498Y) 1555A(H519N) 1715A(T572N)	59871	0.484
1469A(F490Y) 1477A(Q493K) 1480C(S494P) 1492TrC(Q498Y) 1555A(H519N) 1715A(T572N)	57851	0.468
1469A(F490Y) 1477A(Q493K) 1480C(S494P) 1492T(Q498*) 1555A(H519N) 1715A(T572N)	863	0.007
1469A(F490Y) 1477A(Q493K) 1480C(S494P) 1492TrC(Q498Y) 1555A(H519N) 1609T(K537*) 1715A(T572N)	800	0.006
1423T(A475S) 1469A(F490Y) 1477A(Q493K) 1480C(S494P) 1492TrC(Q498Y) 1555A(H519N) 1715A(T572N)	528	0.004
1469A(F490Y) 1477A(Q493K) 1480C(S494P) 1492TrC(Q498Y) 1524A(Y508*) 1555A(H519N) 1715A(T572N)	495	0.004
1469A(F490Y) 1477A(Q493K) 1480C(S494P) 1492TrC(Q498Y) 1555A(H519N) 1668A(N556K) 1715A(T572N)	417	0.003
1477A(Q493K) 1480C(S494P) 1492TrC(Q498Y) 1555A(H519N) 1715A(T572N)	387	0.003
1217-1217Del 1469A(F490Y) 1477A(Q493K) 1480C(S494P) 1492TrC(Q498Y) 1555A(H519N) 1715A(T572N)	376	0.003
1469A(F490Y) 1477A(Q493K) 1480C(S494P) 1492TrC(Q498Y) 1520A(P507Q) 1555A(H519N) 1715A(T572N)	337	0.003
1290T(T430T) 1469A(F490Y) 1477A(Q493K) 1480C(S494P) 1492TrC(Q498Y) 1555A(H519N) 1715A(T572N)	329	0.003
1355G(L452R) 1469A(F490Y) 1477A(Q493K) 1480C(S494P) 1492TrC(Q498Y) 1555A(H519N) 1715A(T572N)	294	0.002
1469A(F490Y) 1477A(Q493K) 1480C(S494P) 1492TrC(Q498Y) 1555A(H519N) 1709A(A570D) 1715A(T572N)	282	0.002
1216-1216Del 1469A(F490Y) 1477A(Q493K) 1480C(S494P) 1492TrC(Q498Y) 1555A(H519N) 1715A(T572N)	275	0.002
1477A(Q493K) 1492TrC(Q498Y)	229	0.002
1477A(Q493K) 1492TrC(Q498Y) 1715A(T572N)	168	0.001
1433A(T478K) 1477A(Q493K) 1492TrC(Q498Y) 1555A(H519N) 1715A(T572N)	133	0.001
