NY10_06-28RBD(60651) | (61978)	Count	Abundance
1355G(L452R) 1433A(T478K)	15837	0.256
1501T(N501Y) 1558T(A520S) 1709A(A570D)	14857	0.240
1366C(F456L) 1380G(N460K) 1451C(E484A) 1456CCr(F486P) 1480C(S494P) 1492TrC(Q498Y) 1555A(H519N) 1715A(T572N)	6741	0.109
1451C(E484A) 1456CCr(F486P) 1480C(S494P) 1492TrC(Q498Y) 1555A(H519N) 1715A(T572N)	5399	0.087
1501T(N501Y) 1709A(A570D)	5223	0.084
1362G(R454R) 1425T(A475A) 1451C(E484A) 1456CCr(F486P) 1480C(S494P) 1492TrC(Q498Y) 1555A(H519N) 1715A(T572N)	5036	0.081
1477A(Q493K) 1480C(S494P) 1492TrC(Q498Y) 1555A(H519N) 1715A(T572N)	4156	0.067
1355G(L452R) 1433A(T478K) 1617A(V539V)	1640	0.026
1501T(N501Y)	869	0.014
1480C(S494P) 1492TrC(Q498Y) 1555A(H519N) 1715A(T572N)	706	0.011
Reference	690	0.011
1715A(T572N)	308	0.005
1425T(A475A) 1451C(E484A) 1456CCr(F486P) 1480C(S494P) 1492TrC(Q498Y) 1555A(H519N) 1715A(T572N)	251	0.004
1433A(T478K)	159	0.003
1492TrC(Q498Y) 1555A(H519N) 1715A(T572N)	106	0.002
