NY10_05-10RBDA(140672) | (150626)	Count	Abundance
1477A(Q493K) 1492TrC(Q498Y) 1555A(H519N) 1715A(T572N)	25359	0.168
1430A(S477N)	23177	0.154
1451C(E484A) 1456CCr(F486P) 1480C(S494P) 1492TrC(Q498Y) 1555A(H519N) 1715A(T572N)	20971	0.139
1480C(S494P) 1492TrC(Q498Y) 1555A(H519N) 1715A(T572N)	10392	0.069
1469A(F490Y) 1477A(Q493K) 1480C(S494P) 1492TrC(Q498Y) 1555A(H519N) 1715A(T572N)	9469	0.063
1445A(G482D) 1477A(Q493K) 1480C(S494P) 1492TrC(Q498Y) 1555A(H519N) 1715A(T572N)	8922	0.059
1451C(E484A) 1480C(S494P) 1492TrC(Q498Y) 1555A(H519N) 1715A(T572N)	8502	0.056
1477A(Q493K) 1492TrC(Q498Y) 1555A(H519N) 1679C(L560P) 1715A(T572N)	8488	0.056
1477A(Q493K)	7967	0.053
1340A(G447D) 1477A(Q493K) 1492TrC(Q498Y) 1555A(H519N) 1627-1634Del 1715A(T572N)	7859	0.052
1451C(E484A) 1456CCr(F486P) 1480C(S494P) 1492TrC(Q498Y) 1555A(H519N) 1596C(N532N) 1715A(T572N)	7582	0.050
1450A(E484K)	4510	0.030
1218T(E406D) 1451C(E484A) 1456CCr(F486P) 1480C(S494P) 1492TrC(Q498Y) 1555A(H519N) 1596C(N532N) 1715A(T572N)	2656	0.018
1477A(Q493K) 1715A(T572N)	2013	0.013
1340A(G447D) 1477A(Q493K) 1492TrC(Q498Y) 1555A(H519N) 1715A(T572N)	867	0.006
Reference	779	0.005
1477A(Q493K) 1492TrC(Q498Y) 1555A(H519N) 1709A(A570D) 1715A(T572N)	472	0.003
1451C(E484A) 1457C(F486S) 1480C(S494P) 1492TrC(Q498Y) 1555A(H519N) 1715A(T572N)	262	0.002
1451C(E484A) 1456C(F486L) 1480C(S494P) 1492TrC(Q498Y) 1555A(H519N) 1715A(T572N)	257	0.002
